,"國內各業生產及平減指數-年"
,,,,,""
"統計期","行業","生產總額_當期價格(新臺幣百萬元)","中間消費_當期價格(新臺幣百萬元)","國內生產毛額_當期價格(新臺幣百萬元)","國內生產毛額_連鎖實質值(2021為參考年_新臺幣百萬元)","國內生產毛額_平減指數(2021年=100)",
"104年","A.農、林、漁、牧業","607,694","308,839","298,855","326,712","91.47",
"104年","B.礦業及土石採取業","22,412","9,155","13,257","11,456","115.72",
"104年","C.製造業","19,344,571","13,995,639","5,348,932","5,268,159","101.53",
"104年","CA.食品及飼品製造業","702,371","578,171","124,200","141,827","87.57",
"104年","CB.飲料及菸草製造業","131,136","46,515","84,621","96,319","87.85",
"104年","CC.紡織業","413,269","305,580","107,689","100,835","106.80",
"104年","CD.成衣及服飾品製造業","155,420","117,013","38,407","37,997","101.08",
"104年","CE.皮革、毛皮及其製品製造業","58,841","40,214","18,627","24,463","76.14",
"104年","CF.木竹製品製造業","48,161","36,722","11,439","12,657","90.38",
"104年","CG.紙漿、紙及紙製品製造業","225,842","174,509","51,333","71,637","71.66",
"104年","CH.印刷及資料儲存媒體複製業","122,686","79,724","42,962","49,430","86.91",
"104年","CI.石油及煤製品製造業","922,347","769,529","152,818","168,312","90.79",
"104年","CJ.化學材料及肥料製造業","2,027,131","1,695,829","331,302","389,538","85.05",
"104年","CK.其他化學製品製造業","310,337","223,414","86,923","70,657","123.02",
"104年","CL.藥品及醫用化學製品製造業","102,655","61,342","41,313","45,158","91.49",
"104年","CM.橡膠製品製造業","117,291","68,713","48,578","48,373","100.42",
"104年","CN.塑膠製品製造業","470,971","341,060","129,911","141,784","91.63",
"104年","CO.非金屬礦物製品製造業","416,050","296,989","119,061","134,748","88.36",
"104年","CP.基本金屬製造業","1,573,485","1,323,034","250,451","371,134","67.48",
"104年","CQ.金屬製品製造業","1,004,380","685,959","318,421","323,052","98.57",
"104年","CR.電子零組件製造業","4,620,745","2,664,819","1,955,926","1,856,873","105.33",
"104年","CS.電腦、電子產品及光學製品製造業","2,889,574","2,258,084","631,490","483,235","130.68",
"104年","CT.電力設備及配備製造業","644,173","485,467","158,706","155,310","102.19",
"104年","CU.機械設備製造業","1,017,022","753,544","263,478","220,699","119.38",
"104年","CV.汽車及其零件製造業","519,708","371,478","148,230","135,221","109.62",
"104年","CW.其他運輸工具及其零件製造業","393,982","297,898","96,084","84,862","113.22",
"104年","CX.家具製造業","84,651","64,517","20,134","18,883","106.63",
"104年","CY.其他製造業","372,343","255,515","116,828","95,721","122.05",
"104年","D.電力及燃氣供應業","756,974","453,513","303,461","194,710","155.85",
"104年","E.用水供應及污染整治業","199,935","108,253","91,682","102,372","89.56",
"104年","F.營建工程業","1,497,225","1,076,899","420,326","555,274","75.70",
"104年","G.批發及零售業","3,718,005","1,053,260","2,664,745","2,729,177","97.64",
"104年","H.運輸及倉儲業","1,229,791","713,198","516,593","948,487","54.46",
"104年","I.住宿及餐飲業","886,095","469,523","416,572","460,258","90.51",
"104年","J.出版影音及資通訊業","986,487","460,360","526,127","467,929","112.44",
"104年","K.金融及保險業","1,600,527","501,182","1,099,345","1,081,325","101.67",
"104年","L.不動產及住宅服務業","1,765,787","397,831","1,367,956","1,457,814","93.84",
"104年","M.專業、科學及技術服務業","637,845","268,290","369,555","408,283","90.51",
"104年","N.支援服務業","400,095","125,723","274,372","289,286","94.84",
"104年","O.公共行政及國防；強制性社會安全","1,407,409","367,928","1,039,481","1,119,771","92.83",
"104年","P.教育業","903,185","163,635","739,550","769,448","96.11",
"104年","Q.醫療保健及社會工作服務業","759,300","278,507","480,793","558,349","86.11",
"104年","R.藝術、娛樂及休閒服務業","223,256","82,797","140,459","150,653","93.23",
"104年","S.其他服務業","643,678","217,456","426,222","460,106","92.64",
"104年","合計","37,590,271","21,051,988","16,538,283","17,178,725","96.27",
"104年","進口稅","193,518","-","193,518","160,169","120.82",
"104年","加值型營業稅","290,819","-","290,819","303,241","95.90",
"104年","總計(生產面)","38,074,608","21,051,988","17,022,620","17,638,797","96.51",
"104年","GDP","-","-","17,055,080","17,564,746","97.10",
"104年","補充項目:ICT產業","8,230,242","5,218,014","3,012,228","2,717,266","110.86",
"105年","A.農、林、漁、牧業","632,735","305,233","327,502","295,177","110.95",
"105年","B.礦業及土石採取業","18,258","7,440","10,818","10,273","105.31",
"105年","C.製造業","18,810,572","13,154,866","5,655,706","5,481,223","103.18",
"105年","CA.食品及飼品製造業","721,724","584,714","137,010","151,037","90.71",
"105年","CB.飲料及菸草製造業","142,188","49,890","92,298","104,528","88.30",
"105年","CC.紡織業","393,418","284,763","108,655","99,134","109.60",
"105年","CD.成衣及服飾品製造業","152,769","114,541","38,228","38,176","100.14",
"105年","CE.皮革、毛皮及其製品製造業","53,987","35,866","18,121","22,117","81.93",
"105年","CF.木竹製品製造業","48,826","36,512","12,314","13,087","94.09",
"105年","CG.紙漿、紙及紙製品製造業","223,774","170,736","53,038","72,944","72.71",
"105年","CH.印刷及資料儲存媒體複製業","126,544","81,522","45,022","51,991","86.60",
"105年","CI.石油及煤製品製造業","786,905","590,497","196,408","150,831","130.22",
"105年","CJ.化學材料及肥料製造業","1,921,973","1,545,994","375,979","405,880","92.63",
"105年","CK.其他化學製品製造業","307,390","218,617","88,773","72,620","122.24",
"105年","CL.藥品及醫用化學製品製造業","108,124","62,108","46,016","47,865","96.14",
"105年","CM.橡膠製品製造業","116,542","69,109","47,433","46,061","102.98",
"105年","CN.塑膠製品製造業","474,843","336,295","138,548","145,501","95.22",
"105年","CO.非金屬礦物製品製造業","395,422","275,107","120,315","131,354","91.60",
"105年","CP.基本金屬製造業","1,499,537","1,221,214","278,323","435,348","63.93",
"105年","CQ.金屬製品製造業","1,027,828","686,606","341,222","345,981","98.62",
"105年","CR.電子零組件製造業","4,618,172","2,564,871","2,053,301","2,002,356","102.54",
"105年","CS.電腦、電子產品及光學製品製造業","2,701,311","2,060,599","640,712","461,198","138.92",
"105年","CT.電力設備及配備製造業","634,367","468,634","165,733","161,487","102.63",
"105年","CU.機械設備製造業","992,615","728,825","263,790","218,691","120.62",
"105年","CV.汽車及其零件製造業","507,309","355,637","151,672","137,195","110.55",
"105年","CW.其他運輸工具及其零件製造業","379,505","283,552","95,953","80,751","118.83",
"105年","CX.家具製造業","86,167","64,941","21,226","19,056","111.39",
"105年","CY.其他製造業","389,332","263,716","125,616","102,218","122.89",
"105年","D.電力及燃氣供應業","690,814","394,386","296,428","207,254","143.03",
"105年","E.用水供應及污染整治業","207,324","109,317","98,007","103,799","94.42",
"105年","F.營建工程業","1,472,623","1,061,469","411,154","548,766","74.92",
"105年","G.批發及零售業","3,716,157","1,038,150","2,678,007","2,734,976","97.92",
"105年","H.運輸及倉儲業","1,208,398","697,157","511,241","975,339","52.42",
"105年","I.住宿及餐飲業","942,504","506,839","435,665","465,795","93.53",
"105年","J.出版影音及資通訊業","1,026,079","477,005","549,074","496,262","110.64",
"105年","K.金融及保險業","1,629,880","505,053","1,124,827","1,105,862","101.71",
"105年","L.不動產及住宅服務業","1,791,380","392,117","1,399,263","1,472,096","95.05",
"105年","M.專業、科學及技術服務業","656,829","274,789","382,040","415,833","91.87",
"105年","N.支援服務業","428,979","134,920","294,059","306,166","96.05",
"105年","O.公共行政及國防；強制性社會安全","1,474,639","424,191","1,050,448","1,119,391","93.84",
"105年","P.教育業","898,998","159,643","739,355","759,648","97.33",
"105年","Q.醫療保健及社會工作服務業","796,264","284,241","512,023","575,779","88.93",
"105年","R.藝術、娛樂及休閒服務業","225,580","84,490","141,090","149,033","94.67",
"105年","S.其他服務業","653,619","223,269","430,350","456,601","94.25",
"105年","合計","37,281,632","20,234,575","17,047,057","17,511,565","97.35",
"105年","進口稅","199,880","-","199,880","163,231","122.45",
"105年","加值型營業稅","308,331","-","308,331","321,328","95.96",
"105年","總計(生產面)","37,789,843","20,234,575","17,555,268","17,992,634","97.57",
"105年","GDP","-","-","17,555,268","17,945,024","97.83",
"105年","補充項目:ICT產業","8,078,700","4,936,292","3,142,408","2,859,985","109.87",
"106年","A.農、林、漁、牧業","640,051","310,329","329,722","320,422","102.90",
"106年","B.礦業及土石採取業","18,040","7,474","10,566","10,393","101.66",
"106年","C.製造業","19,709,737","13,758,043","5,951,694","5,885,211","101.13",
"106年","CA.食品及飼品製造業","740,078","597,032","143,046","155,356","92.08",
"106年","CB.飲料及菸草製造業","158,405","55,242","103,163","114,702","89.94",
"106年","CC.紡織業","390,096","285,631","104,465","106,873","97.75",
"106年","CD.成衣及服飾品製造業","152,340","117,751","34,589","39,454","87.67",
"106年","CE.皮革、毛皮及其製品製造業","53,616","36,149","17,467","22,887","76.32",
"106年","CF.木竹製品製造業","49,833","37,406","12,427","13,123","94.70",
"106年","CG.紙漿、紙及紙製品製造業","237,349","180,966","56,383","73,798","76.40",
"106年","CH.印刷及資料儲存媒體複製業","122,852","78,588","44,264","51,318","86.25",
"106年","CI.石油及煤製品製造業","915,639","714,713","200,926","152,712","131.57",
"106年","CJ.化學材料及肥料製造業","2,156,314","1,704,899","451,415","426,477","105.85",
"106年","CK.其他化學製品製造業","321,784","231,157","90,627","83,682","108.30",
"106年","CL.藥品及醫用化學製品製造業","107,004","64,612","42,392","45,876","92.41",
"106年","CM.橡膠製品製造業","120,066","74,604","45,462","47,392","95.93",
"106年","CN.塑膠製品製造業","481,164","342,629","138,535","148,441","93.33",
"106年","CO.非金屬礦物製品製造業","376,797","263,770","113,027","131,316","86.07",
"106年","CP.基本金屬製造業","1,740,096","1,434,019","306,077","437,236","70.00",
"106年","CQ.金屬製品製造業","1,090,817","727,940","362,877","365,585","99.26",
"106年","CR.電子零組件製造業","5,040,313","2,790,880","2,249,433","2,138,374","105.19",
"106年","CS.電腦、電子產品及光學製品製造業","2,308,163","1,714,213","593,950","533,006","111.43",
"106年","CT.電力設備及配備製造業","665,791","500,380","165,411","173,404","95.39",
"106年","CU.機械設備製造業","1,070,430","785,088","285,342","262,574","108.67",
"106年","CV.汽車及其零件製造業","507,413","359,966","147,447","136,007","108.41",
"106年","CW.其他運輸工具及其零件製造業","384,530","291,674","92,856","85,980","108.00",
"106年","CX.家具製造業","86,276","65,557","20,719","19,747","104.92",
"106年","CY.其他製造業","432,571","303,177","129,394","123,049","105.16",
"106年","D.電力及燃氣供應業","712,622","472,034","240,588","207,160","116.14",
"106年","E.用水供應及污染整治業","223,035","118,321","104,714","105,948","98.84",
"106年","F.營建工程業","1,501,633","1,087,186","414,447","540,768","76.64",
"106年","G.批發及零售業","3,782,253","1,059,919","2,722,334","2,793,567","97.45",
"106年","H.運輸及倉儲業","1,280,803","738,501","542,302","1,029,374","52.68",
"106年","I.住宿及餐飲業","973,375","522,021","451,354","468,641","96.31",
"106年","J.出版影音及資通訊業","1,028,094","473,386","554,708","514,086","107.90",
"106年","K.金融及保險業","1,690,476","518,720","1,171,756","1,157,008","101.27",
"106年","L.不動產及住宅服務業","1,851,946","410,759","1,441,187","1,498,059","96.20",
"106年","M.專業、科學及技術服務業","689,458","285,013","404,445","434,192","93.15",
"106年","N.支援服務業","450,555","145,037","305,518","315,543","96.82",
"106年","O.公共行政及國防；強制性社會安全","1,444,005","391,023","1,052,982","1,124,991","93.60",
"106年","P.教育業","894,580","159,052","735,528","758,503","96.97",
"106年","Q.醫療保健及社會工作服務業","839,257","305,126","534,131","588,053","90.83",
"106年","R.藝術、娛樂及休閒服務業","231,264","85,921","145,343","150,903","96.32",
"106年","S.其他服務業","647,403","217,265","430,138","450,191","95.55",
"106年","合計","38,608,587","21,065,130","17,543,457","18,191,929","96.44",
"106年","進口稅","191,352","-","191,352","170,924","111.95",
"106年","加值型營業稅","318,310","-","318,310","328,079","97.02",
"106年","總計(生產面)","39,118,249","21,065,130","18,053,119","18,687,748","96.60",
"106年","GDP","-","-","18,012,387","18,602,118","96.83",
"106年","補充項目:ICT產業","8,107,626","4,813,985","3,293,641","3,094,324","106.44",
"107年","A.農、林、漁、牧業","622,429","308,114","314,315","335,677","93.64",
"107年","B.礦業及土石採取業","18,971","7,804","11,167","11,278","99.02",
"107年","C.製造業","20,463,140","14,374,427","6,088,713","6,109,931","99.65",
"107年","CA.食品及飼品製造業","775,703","622,393","153,310","157,281","97.48",
"107年","CB.飲料及菸草製造業","166,197","54,426","111,771","112,224","99.60",
"107年","CC.紡織業","397,294","295,077","102,217","106,749","95.75",
"107年","CD.成衣及服飾品製造業","157,783","122,727","35,056","39,697","88.31",
"107年","CE.皮革、毛皮及其製品製造業","49,824","33,770","16,054","20,883","76.88",
"107年","CF.木竹製品製造業","51,466","39,181","12,285","13,624","90.17",
"107年","CG.紙漿、紙及紙製品製造業","250,847","189,719","61,128","75,551","80.91",
"107年","CH.印刷及資料儲存媒體複製業","123,311","80,199","43,112","51,028","84.49",
"107年","CI.石油及煤製品製造業","1,186,531","998,039","188,492","164,523","114.57",
"107年","CJ.化學材料及肥料製造業","2,390,753","1,915,296","475,457","439,507","108.18",
"107年","CK.其他化學製品製造業","335,990","243,574","92,416","89,728","103.00",
"107年","CL.藥品及醫用化學製品製造業","112,624","67,457","45,167","49,399","91.43",
"107年","CM.橡膠製品製造業","118,503","74,146","44,357","45,332","97.85",
"107年","CN.塑膠製品製造業","495,630","354,029","141,601","153,662","92.15",
"107年","CO.非金屬礦物製品製造業","387,963","279,722","108,241","130,702","82.82",
"107年","CP.基本金屬製造業","1,908,820","1,582,886","325,934","437,681","74.47",
"107年","CQ.金屬製品製造業","1,149,548","769,722","379,826","371,872","102.14",
"107年","CR.電子零組件製造業","5,159,906","2,858,598","2,301,308","2,270,245","101.37",
"107年","CS.電腦、電子產品及光學製品製造業","1,899,831","1,340,155","559,676","516,428","108.37",
"107年","CT.電力設備及配備製造業","720,390","546,281","174,109","185,459","93.88",
"107年","CU.機械設備製造業","1,141,605","833,590","308,015","282,010","109.22",
"107年","CV.汽車及其零件製造業","489,074","347,663","141,411","133,312","106.08",
"107年","CW.其他運輸工具及其零件製造業","405,845","303,742","102,103","93,375","109.35",
"107年","CX.家具製造業","89,788","68,090","21,698","19,955","108.73",
"107年","CY.其他製造業","497,914","353,945","143,969","143,384","100.41",
"107年","D.電力及燃氣供應業","740,845","537,463","203,382","207,379","98.07",
"107年","E.用水供應及污染整治業","234,013","128,553","105,460","108,888","96.85",
"107年","F.營建工程業","1,595,807","1,160,400","435,407","547,431","79.54",
"107年","G.批發及零售業","3,822,312","1,078,877","2,743,435","2,820,428","97.27",
"107年","H.運輸及倉儲業","1,365,502","827,547","537,955","1,076,337","49.98",
"107年","I.住宿及餐飲業","1,026,507","551,676","474,831","481,509","98.61",
"107年","J.出版影音及資通訊業","1,026,272","460,488","565,784","542,183","104.35",
"107年","K.金融及保險業","1,758,928","544,111","1,214,817","1,193,870","101.75",
"107年","L.不動產及住宅服務業","1,933,084","436,637","1,496,447","1,537,222","97.35",
"107年","M.專業、科學及技術服務業","726,898","303,247","423,651","447,216","94.73",
"107年","N.支援服務業","468,117","147,993","320,124","328,168","97.55",
"107年","O.公共行政及國防；強制性社會安全","1,531,284","455,371","1,075,913","1,134,254","94.86",
"107年","P.教育業","908,912","162,205","746,707","759,563","98.31",
"107年","Q.醫療保健及社會工作服務業","884,762","323,687","561,075","612,502","91.60",
"107年","R.藝術、娛樂及休閒服務業","233,707","85,176","148,531","152,502","97.40",
"107年","S.其他服務業","676,555","238,489","438,066","455,308","96.21",
"107年","合計","40,038,045","22,132,265","17,905,780","18,693,215","95.79",
"107年","進口稅","203,755","-","203,755","176,382","115.52",
"107年","加值型營業稅","329,844","-","329,844","333,894","98.79",
"107年","總計(生產面)","40,571,644","22,132,265","18,439,379","19,200,322","96.04",
"107年","GDP","-","-","18,420,039","19,142,600","96.23",
"107年","補充項目:ICT產業","7,810,593","4,492,754","3,317,839","3,231,538","102.67",
"108年","A.農、林、漁、牧業","610,253","289,897","320,356","333,453","96.07",
"108年","B.礦業及土石採取業","20,779","8,824","11,955","11,444","104.47",
"108年","C.製造業","19,769,279","13,693,510","6,075,769","6,241,874","97.34",
"108年","CA.食品及飼品製造業","827,361","648,265","179,096","169,781","105.49",
"108年","CB.飲料及菸草製造業","163,758","52,728","111,030","108,527","102.31",
"108年","CC.紡織業","385,092","279,602","105,490","101,435","104.00",
"108年","CD.成衣及服飾品製造業","167,228","131,006","36,222","40,842","88.69",
"108年","CE.皮革、毛皮及其製品製造業","50,128","33,848","16,280","20,859","78.05",
"108年","CF.木竹製品製造業","46,603","34,401","12,202","12,791","95.40",
"108年","CG.紙漿、紙及紙製品製造業","248,616","184,138","64,478","74,214","86.88",
"108年","CH.印刷及資料儲存媒體複製業","124,757","78,763","45,994","44,586","103.16",
"108年","CI.石油及煤製品製造業","1,142,371","969,201","173,170","159,136","108.82",
"108年","CJ.化學材料及肥料製造業","1,993,035","1,582,805","410,230","420,956","97.45",
"108年","CK.其他化學製品製造業","338,667","237,873","100,794","87,667","114.97",
"108年","CL.藥品及醫用化學製品製造業","122,908","70,485","52,423","53,863","97.33",
"108年","CM.橡膠製品製造業","123,906","76,855","47,051","46,026","102.23",
"108年","CN.塑膠製品製造業","508,977","356,509","152,468","150,636","101.22",
"108年","CO.非金屬礦物製品製造業","394,584","285,372","109,212","121,924","89.57",
"108年","CP.基本金屬製造業","1,705,566","1,417,530","288,036","407,714","70.65",
"108年","CQ.金屬製品製造業","1,106,481","736,873","369,608","354,747","104.19",
"108年","CR.電子零組件製造業","5,082,844","2,796,829","2,286,015","2,428,760","94.12",
"108年","CS.電腦、電子產品及光學製品製造業","1,930,567","1,338,592","591,975","572,863","103.34",
"108年","CT.電力設備及配備製造業","728,316","545,022","183,294","183,895","99.67",
"108年","CU.機械設備製造業","1,021,974","724,658","297,316","254,935","116.62",
"108年","CV.汽車及其零件製造業","488,370","344,095","144,275","133,382","108.17",
"108年","CW.其他運輸工具及其零件製造業","449,154","334,579","114,575","101,866","112.48",
"108年","CX.家具製造業","92,112","68,626","23,486","19,572","120.00",
"108年","CY.其他製造業","525,904","364,855","161,049","151,424","106.36",
"108年","D.電力及燃氣供應業","751,530","534,557","216,973","207,662","104.48",
"108年","E.用水供應及污染整治業","233,974","127,077","106,897","110,958","96.34",
"108年","F.營建工程業","1,709,445","1,216,399","493,046","571,581","86.26",
"108年","G.批發及零售業","3,830,047","1,054,200","2,775,847","2,888,163","96.11",
"108年","H.運輸及倉儲業","1,395,010","842,641","552,369","1,085,435","50.89",
"108年","I.住宿及餐飲業","1,080,748","565,098","515,650","509,658","101.18",
"108年","J.出版影音及資通訊業","1,045,699","451,056","594,643","580,001","102.52",
"108年","K.金融及保險業","1,828,194","574,118","1,254,076","1,232,266","101.77",
"108年","L.不動產及住宅服務業","2,030,139","464,729","1,565,410","1,587,774","98.59",
"108年","M.專業、科學及技術服務業","760,600","314,489","446,111","464,219","96.10",
"108年","N.支援服務業","491,028","154,226","336,802","341,811","98.53",
"108年","O.公共行政及國防；強制性社會安全","1,518,016","414,360","1,103,656","1,154,296","95.61",
"108年","P.教育業","909,995","165,220","744,775","760,948","97.87",
"108年","Q.醫療保健及社會工作服務業","939,071","339,720","599,351","644,566","92.99",
"108年","R.藝術、娛樂及休閒服務業","242,742","87,891","154,851","157,420","98.37",
"108年","S.其他服務業","664,191","228,657","435,534","447,720","97.28",
"108年","合計","39,830,740","21,526,669","18,304,071","19,166,769","95.50",
"108年","進口稅","209,277","-","209,277","184,442","113.46",
"108年","加值型營業稅","338,141","-","338,141","341,644","98.97",
"108年","總計(生產面)","40,378,158","21,526,669","18,851,489","19,690,316","95.74",
"108年","GDP","-","-","18,974,097","19,727,465","96.18",
"108年","補充項目:ICT產業","7,784,847","4,425,159","3,359,688","3,481,018","96.51",
"109年","A.農、林、漁、牧業","605,550","288,541","317,009","329,380","96.24",
"109年","B.礦業及土石採取業","22,489","9,591","12,898","11,501","112.15",
"109年","C.製造業","19,984,044","13,213,315","6,770,729","6,796,648","99.62",
"109年","CA.食品及飼品製造業","845,500","656,510","188,990","171,733","110.05",
"109年","CB.飲料及菸草製造業","166,159","51,747","114,412","103,707","110.32",
"109年","CC.紡織業","334,587","233,116","101,471","91,363","111.06",
"109年","CD.成衣及服飾品製造業","155,136","118,539","36,597","37,329","98.04",
"109年","CE.皮革、毛皮及其製品製造業","47,913","30,687","17,226","17,642","97.64",
"109年","CF.木竹製品製造業","47,254","34,785","12,469","12,728","97.97",
"109年","CG.紙漿、紙及紙製品製造業","251,238","180,771","70,467","75,932","92.80",
"109年","CH.印刷及資料儲存媒體複製業","122,062","77,406","44,656","42,269","105.65",
"109年","CI.石油及煤製品製造業","801,153","666,045","135,108","147,910","91.34",
"109年","CJ.化學材料及肥料製造業","1,694,723","1,280,998","413,725","433,485","95.44",
"109年","CK.其他化學製品製造業","326,387","229,334","97,053","85,209","113.90",
"109年","CL.藥品及醫用化學製品製造業","138,736","75,835","62,901","61,432","102.39",
"109年","CM.橡膠製品製造業","118,302","69,863","48,439","45,216","107.13",
"109年","CN.塑膠製品製造業","504,655","346,254","158,401","151,506","104.55",
"109年","CO.非金屬礦物製品製造業","404,642","287,080","117,562","120,746","97.36",
"109年","CP.基本金屬製造業","1,601,792","1,314,374","287,418","411,510","69.84",
"109年","CQ.金屬製品製造業","1,087,034","717,926","369,108","349,033","105.75",
"109年","CR.電子零組件製造業","5,909,664","3,081,700","2,827,964","2,979,523","94.91",
"109年","CS.電腦、電子產品及光學製品製造業","2,120,580","1,388,337","732,243","608,727","120.29",
"109年","CT.電力設備及配備製造業","762,849","562,510","200,339","196,837","101.78",
"109年","CU.機械設備製造業","986,743","696,914","289,829","248,344","116.70",
"109年","CV.汽車及其零件製造業","469,113","328,420","140,693","129,621","108.54",
"109年","CW.其他運輸工具及其零件製造業","465,310","349,260","116,050","103,703","111.91",
"109年","CX.家具製造業","96,218","71,989","24,229","19,977","121.28",
"109年","CY.其他製造業","526,294","362,915","163,379","151,920","107.54",
"109年","D.電力及燃氣供應業","717,059","427,858","289,201","204,091","141.70",
"109年","E.用水供應及污染整治業","242,631","132,794","109,837","114,075","96.28",
"109年","F.營建工程業","1,856,956","1,298,508","558,448","598,524","93.30",
"109年","G.批發及零售業","3,872,183","1,073,334","2,798,849","2,963,001","94.46",
"109年","H.運輸及倉儲業","1,248,825","713,145","535,680","862,237","62.13",
"109年","I.住宿及餐飲業","999,438","530,130","469,308","460,664","101.88",
"109年","J.出版影音及資通訊業","1,071,594","458,050","613,544","606,726","101.12",
"109年","K.金融及保險業","1,895,009","595,241","1,299,768","1,294,735","100.39",
"109年","L.不動產及住宅服務業","2,145,227","503,463","1,641,764","1,635,879","100.36",
"109年","M.專業、科學及技術服務業","778,808","319,887","458,921","469,956","97.65",
"109年","N.支援服務業","462,867","140,964","321,903","323,834","99.40",
"109年","O.公共行政及國防；強制性社會安全","1,571,923","432,288","1,139,635","1,173,531","97.11",
"109年","P.教育業","909,730","161,822","747,908","757,892","98.68",
"109年","Q.醫療保健及社會工作服務業","986,520","352,907","633,613","654,787","96.77",
"109年","R.藝術、娛樂及休閒服務業","228,326","82,723","145,603","147,322","98.83",
"109年","S.其他服務業","641,539","220,493","421,046","425,190","99.03",
"109年","合計","40,240,718","20,955,054","19,285,664","19,781,147","97.50",
"109年","進口稅","209,163","-","209,163","196,767","106.30",
"109年","加值型營業稅","349,956","-","349,956","356,610","98.13",
"109年","總計(生產面)","40,799,837","20,955,054","19,844,783","20,333,226","97.60",
"109年","GDP","-","-","20,023,752","20,402,197","98.15",
"109年","補充項目:ICT產業","8,823,747","4,766,415","4,057,332","4,083,029","99.37",
"110年","A.農、林、漁、牧業","631,655","315,913","315,742","315,742","100.00",
"110年","B.礦業及土石採取業","23,292","11,373","11,919","11,919","100.00",
"110年","C.製造業","23,683,257","15,764,715","7,918,542","7,918,542","100.00",
"110年","CA.食品及飼品製造業","898,676","723,339","175,337","175,337","100.00",
"110年","CB.飲料及菸草製造業","162,654","50,794","111,860","111,860","100.00",
"110年","CC.紡織業","379,370","274,171","105,199","105,199","100.00",
"110年","CD.成衣及服飾品製造業","169,818","129,587","40,231","40,231","100.00",
"110年","CE.皮革、毛皮及其製品製造業","52,566","34,099","18,467","18,467","100.00",
"110年","CF.木竹製品製造業","54,511","40,790","13,721","13,721","100.00",
"110年","CG.紙漿、紙及紙製品製造業","279,622","202,880","76,742","76,742","100.00",
"110年","CH.印刷及資料儲存媒體複製業","125,032","81,460","43,572","43,572","100.00",
"110年","CI.石油及煤製品製造業","1,101,552","951,398","150,154","150,154","100.00",
"110年","CJ.化學材料及肥料製造業","2,306,610","1,823,899","482,711","482,711","100.00",
"110年","CK.其他化學製品製造業","355,868","257,337","98,531","98,531","100.00",
"110年","CL.藥品及醫用化學製品製造業","145,404","76,678","68,726","68,726","100.00",
"110年","CM.橡膠製品製造業","128,026","80,939","47,087","47,087","100.00",
"110年","CN.塑膠製品製造業","546,805","388,819","157,986","157,986","100.00",
"110年","CO.非金屬礦物製品製造業","419,846","294,271","125,575","125,575","100.00",
"110年","CP.基本金屬製造業","2,311,062","1,847,409","463,653","463,653","100.00",
"110年","CQ.金屬製品製造業","1,333,923","933,532","400,391","400,391","100.00",
"110年","CR.電子零組件製造業","7,147,215","3,534,850","3,612,365","3,612,365","100.00",
"110年","CS.電腦、電子產品及光學製品製造業","1,998,936","1,288,360","710,576","710,576","100.00",
"110年","CT.電力設備及配備製造業","878,126","656,030","222,096","222,096","100.00",
"110年","CU.機械設備製造業","1,143,052","841,055","301,997","301,997","100.00",
"110年","CV.汽車及其零件製造業","531,114","379,502","151,612","151,612","100.00",
"110年","CW.其他運輸工具及其零件製造業","529,637","394,292","135,345","135,345","100.00",
"110年","CX.家具製造業","107,800","82,670","25,130","25,130","100.00",
"110年","CY.其他製造業","576,032","396,554","179,478","179,478","100.00",
"110年","D.電力及燃氣供應業","759,947","552,555","207,392","207,392","100.00",
"110年","E.用水供應及污染整治業","259,580","146,782","112,798","112,798","100.00",
"110年","F.營建工程業","2,177,169","1,548,694","628,475","628,475","100.00",
"110年","G.批發及零售業","4,212,102","1,196,881","3,015,221","3,015,221","100.00",
"110年","H.運輸及倉儲業","1,546,569","741,258","805,311","805,311","100.00",
"110年","I.住宿及餐飲業","920,599","497,066","423,533","423,533","100.00",
"110年","J.出版影音及資通訊業","1,151,298","479,732","671,566","671,566","100.00",
"110年","K.金融及保險業","2,096,735","670,213","1,426,522","1,426,522","100.00",
"110年","L.不動產及住宅服務業","2,228,279","547,704","1,680,575","1,680,575","100.00",
"110年","M.專業、科學及技術服務業","856,371","357,819","498,552","498,552","100.00",
"110年","N.支援服務業","471,206","147,763","323,443","323,443","100.00",
"110年","O.公共行政及國防；強制性社會安全","1,679,745","495,870","1,183,875","1,183,875","100.00",
"110年","P.教育業","907,696","155,792","751,904","751,904","100.00",
"110年","Q.醫療保健及社會工作服務業","1,044,877","381,978","662,899","662,899","100.00",
"110年","R.藝術、娛樂及休閒服務業","194,674","76,054","118,620","118,620","100.00",
"110年","S.其他服務業","602,930","213,898","389,032","389,032","100.00",
"110年","合計","45,447,981","24,302,060","21,145,921","21,145,921","100.00",
"110年","進口稅","224,580","-","224,580","224,580","100.00",
"110年","加值型營業稅","402,790","-","402,790","402,790","100.00",
"110年","總計(生產面)","46,075,351","24,302,060","21,773,291","21,773,291","100.00",
"110年","GDP","-","-","21,773,291","21,773,291","100.00",
"110年","補充項目:ICT產業","10,009,645","5,143,886","4,865,759","4,865,759","100.00",
"111年","A.農、林、漁、牧業","660,924","339,561","321,363","302,351","106.29",
"111年","B.礦業及土石採取業","24,582","12,850","11,732","12,514","93.75",
"111年","C.製造業","25,145,767","16,804,627","8,341,140","8,097,569","103.01",
"111年","CA.食品及飼品製造業","979,432","800,070","179,362","180,920","99.14",
"111年","CB.飲料及菸草製造業","162,120","51,270","110,850","108,463","102.20",
"111年","CC.紡織業","382,679","277,576","105,103","93,620","112.27",
"111年","CD.成衣及服飾品製造業","193,091","147,575","45,516","44,109","103.19",
"111年","CE.皮革、毛皮及其製品製造業","54,804","31,510","23,294","21,497","108.36",
"111年","CF.木竹製品製造業","55,379","41,489","13,890","12,699","109.38",
"111年","CG.紙漿、紙及紙製品製造業","275,300","205,461","69,839","68,591","101.82",
"111年","CH.印刷及資料儲存媒體複製業","124,895","81,341","43,554","44,584","97.69",
"111年","CI.石油及煤製品製造業","1,498,368","1,407,531","90,837","183,762","49.43",
"111年","CJ.化學材料及肥料製造業","2,134,156","1,767,717","366,439","428,080","85.60",
"111年","CK.其他化學製品製造業","366,279","262,940","103,339","95,780","107.89",
"111年","CL.藥品及醫用化學製品製造業","158,476","82,908","75,568","74,643","101.24",
"111年","CM.橡膠製品製造業","129,223","79,528","49,695","45,314","109.67",
"111年","CN.塑膠製品製造業","547,275","381,816","165,459","156,537","105.70",
"111年","CO.非金屬礦物製品製造業","434,700","309,757","124,943","112,584","110.98",
"111年","CP.基本金屬製造業","2,118,508","1,748,514","369,994","401,860","92.07",
"111年","CQ.金屬製品製造業","1,331,525","922,348","409,177","350,712","116.67",
"111年","CR.電子零組件製造業","7,910,024","3,849,992","4,060,032","3,835,393","105.86",
"111年","CS.電腦、電子產品及光學製品製造業","2,366,593","1,530,655","835,938","791,125","105.66",
"111年","CT.電力設備及配備製造業","908,500","668,667","239,833","228,464","104.98",
"111年","CU.機械設備製造業","1,166,707","846,529","320,178","299,749","106.82",
"111年","CV.汽車及其零件製造業","539,050","380,150","158,900","150,412","105.64",
"111年","CW.其他運輸工具及其零件製造業","591,159","439,598","151,561","145,324","104.29",
"111年","CX.家具製造業","103,960","78,471","25,489","24,097","105.78",
"111年","CY.其他製造業","613,564","411,214","202,350","199,250","101.56",
"111年","D.電力及燃氣供應業","857,101","1,024,440","-167,339","215,402","--",
"111年","E.用水供應及污染整治業","280,671","161,877","118,794","121,044","98.14",
"111年","F.營建工程業","2,432,160","1,731,389","700,771","633,048","110.70",
"111年","G.批發及零售業","4,601,694","1,324,648","3,277,046","3,066,814","106.86",
"111年","H.運輸及倉儲業","1,696,463","828,640","867,823","856,508","101.32",
"111年","I.住宿及餐飲業","1,119,653","595,322","524,331","488,320","107.37",
"111年","J.出版影音及資通訊業","1,241,056","506,538","734,518","721,295","101.83",
"111年","K.金融及保險業","2,069,894","665,852","1,404,042","1,368,705","102.58",
"111年","L.不動產及住宅服務業","2,320,011","584,481","1,735,530","1,703,936","101.85",
"111年","M.專業、科學及技術服務業","968,613","424,306","544,307","533,278","102.07",
"111年","N.支援服務業","520,831","160,904","359,927","357,329","100.73",
"111年","O.公共行政及國防；強制性社會安全","1,828,923","594,110","1,234,813","1,189,984","103.77",
"111年","P.教育業","938,301","163,909","774,392","755,543","102.49",
"111年","Q.醫療保健及社會工作服務業","1,147,580","423,858","723,722","714,490","101.29",
"111年","R.藝術、娛樂及休閒服務業","252,587","94,131","158,456","155,023","102.21",
"111年","S.其他服務業","672,933","248,430","424,503","416,818","101.84",
"111年","合計","48,779,744","26,689,873","22,089,871","21,709,971","101.75",
"111年","進口稅","238,728","-","238,728","230,010","103.79",
"111年","加值型營業稅","440,355","-","440,355","427,042","103.12",
"111年","總計(生產面)","49,458,827","26,689,873","22,768,954","22,367,023","101.80",
"111年","GDP","-","-","22,820,430","22,357,584","102.07",
"111年","補充項目:ICT產業","11,222,194","5,726,557","5,495,637","5,215,297","105.38",
"112年","A.農、林、漁、牧業","685,813","334,426","351,387","299,756","117.22",
"112年","B.礦業及土石採取業","24,208","12,677","11,531","11,777","97.91",
"112年","C.製造業","23,220,257","15,168,832","8,051,425","7,507,180","107.25",
"112年","CA.食品及飼品製造業","1,026,776","820,688","206,088","189,961","108.49",
"112年","CB.飲料及菸草製造業","165,942","52,666","113,276","107,755","105.12",
"112年","CC.紡織業","308,138","212,315","95,823","77,135","124.23",
"112年","CD.成衣及服飾品製造業","170,493","129,239","41,254","38,835","106.23",
"112年","CE.皮革、毛皮及其製品製造業","47,329","27,676","19,653","19,981","98.36",
"112年","CF.木竹製品製造業","51,052","38,165","12,887","11,874","108.53",
"112年","CG.紙漿、紙及紙製品製造業","252,247","187,556","64,691","67,016","96.53",
"112年","CH.印刷及資料儲存媒體複製業","123,126","77,215","45,911","43,817","104.78",
"112年","CI.石油及煤製品製造業","1,377,498","1,209,504","167,994","218,257","76.97",
"112年","CJ.化學材料及肥料製造業","1,718,215","1,425,047","293,168","410,362","71.44",
"112年","CK.其他化學製品製造業","341,866","240,167","101,699","92,459","109.99",
"112年","CL.藥品及醫用化學製品製造業","173,113","89,879","83,234","78,748","105.70",
"112年","CM.橡膠製品製造業","110,650","62,270","48,380","39,545","122.34",
"112年","CN.塑膠製品製造業","503,037","320,882","182,155","150,105","121.35",
"112年","CO.非金屬礦物製品製造業","443,454","311,784","131,670","98,937","133.08",
"112年","CP.基本金屬製造業","1,795,055","1,486,254","308,801","383,844","80.45",
"112年","CQ.金屬製品製造業","1,178,691","789,798","388,893","326,876","118.97",
"112年","CR.電子零組件製造業","7,227,120","3,548,664","3,678,456","3,390,666","108.49",
"112年","CS.電腦、電子產品及光學製品製造業","2,503,645","1,524,687","978,958","815,312","120.07",
"112年","CT.電力設備及配備製造業","862,629","620,938","241,691","217,241","111.25",
"112年","CU.機械設備製造業","1,052,595","744,669","307,926","273,885","112.43",
"112年","CV.汽車及其零件製造業","561,122","392,967","168,155","150,715","111.57",
"112年","CW.其他運輸工具及其零件製造業","506,809","372,376","134,433","118,931","113.03",
"112年","CX.家具製造業","95,305","69,380","25,925","22,712","114.15",
"112年","CY.其他製造業","624,350","414,046","210,304","195,282","107.69",
"112年","D.電力及燃氣供應業","940,784","920,389","20,395","216,229","9.43",
"112年","E.用水供應及污染整治業","288,623","169,207","119,416","131,868","90.56",
"112年","F.營建工程業","2,397,005","1,637,208","759,797","628,636","120.86",
"112年","G.批發及零售業","4,607,819","1,314,440","3,293,379","3,041,552","108.28",
"112年","H.運輸及倉儲業","1,502,798","775,014","727,784","1,160,103","62.73",
"112年","I.住宿及餐飲業","1,360,807","695,005","665,802","576,536","115.48",
"112年","J.出版影音及資通訊業","1,311,081","521,718","789,363","753,601","104.75",
"112年","K.金融及保險業","2,127,383","686,975","1,440,408","1,429,912","100.73",
"112年","L.不動產及住宅服務業","2,404,835","580,426","1,824,409","1,748,310","104.35",
"112年","M.專業、科學及技術服務業","1,071,415","479,337","592,078","562,277","105.30",
"112年","N.支援服務業","573,128","172,695","400,433","384,514","104.14",
"112年","O.公共行政及國防；強制性社會安全","1,881,133","609,302","1,271,831","1,200,391","105.95",
"112年","P.教育業","957,873","171,295","786,578","753,021","104.46",
"112年","Q.醫療保健及社會工作服務業","1,189,181","435,155","754,026","754,371","99.95",
"112年","R.藝術、娛樂及休閒服務業","313,336","107,685","205,651","194,499","105.73",
"112年","S.其他服務業","695,919","249,614","446,305","422,276","105.69",
"112年","合計","47,553,398","25,041,400","22,511,998","21,770,194","103.41",
"112年","進口稅","263,011","-","263,011","205,777","127.81",
"112年","加值型營業稅","468,885","-","468,885","443,342","105.76",
"112年","總計(生產面)","48,285,294","25,041,400","23,243,894","22,419,022","103.68",
"112年","GDP","-","-","23,598,348","22,600,156","104.42",
"112年","補充項目:ICT產業","10,734,122","5,429,366","5,304,756","4,820,382","110.05",
"113年","A.農、林、漁、牧業","709,830","335,881","373,949","296,770","126.01",
"113年","B.礦業及土石採取業","25,682","13,347","12,335","11,688","105.54",
"113年","C.製造業","25,586,752","16,434,274","9,152,478","8,287,130","110.44",
"113年","CA.食品及飼品製造業","1,047,532","831,256","216,276","200,847","107.68",
"113年","CB.飲料及菸草製造業","168,254","52,945","115,309","103,279","111.65",
"113年","CC.紡織業","332,976","228,635","104,341","81,757","127.62",
"113年","CD.成衣及服飾品製造業","185,728","143,171","42,557","40,925","103.99",
"113年","CE.皮革、毛皮及其製品製造業","50,613","29,238","21,375","19,413","110.11",
"113年","CF.木竹製品製造業","52,748","39,434","13,314","13,182","101.00",
"113年","CG.紙漿、紙及紙製品製造業","253,001","187,536","65,465","75,788","86.38",
"113年","CH.印刷及資料儲存媒體複製業","130,225","82,313","47,912","43,406","110.38",
"113年","CI.石油及煤製品製造業","1,334,204","1,205,418","128,786","233,345","55.19",
"113年","CJ.化學材料及肥料製造業","1,747,677","1,448,946","298,731","436,673","68.41",
"113年","CK.其他化學製品製造業","368,388","261,340","107,048","97,436","109.86",
"113年","CL.藥品及醫用化學製品製造業","164,171","84,939","79,232","71,748","110.43",
"113年","CM.橡膠製品製造業","112,150","64,343","47,807","38,867","123.00",
"113年","CN.塑膠製品製造業","529,517","338,576","190,941","155,194","123.03",
"113年","CO.非金屬礦物製品製造業","465,142","326,365","138,777","101,258","137.05",
"113年","CP.基本金屬製造業","1,831,135","1,512,317","318,818","381,801","83.50",
"113年","CQ.金屬製品製造業","1,247,017","847,009","400,008","329,854","121.27",
"113年","CR.電子零組件製造業","8,582,483","4,167,966","4,414,517","3,942,302","111.98",
"113年","CS.電腦、電子產品及光學製品製造業","3,259,777","1,978,141","1,281,636","950,712","134.81",
"113年","CT.電力設備及配備製造業","899,740","641,463","258,277","221,639","116.53",
"113年","CU.機械設備製造業","1,084,686","762,093","322,593","285,308","113.07",
"113年","CV.汽車及其零件製造業","538,556","367,276","171,280","151,164","113.31",
"113年","CW.其他運輸工具及其零件製造業","471,903","345,202","126,701","112,704","112.42",
"113年","CX.家具製造業","104,831","77,376","27,455","23,508","116.79",
"113年","CY.其他製造業","624,298","410,976","213,322","195,808","108.94",
"113年","D.電力及燃氣供應業","1,070,165","808,888","261,277","219,806","118.87",
"113年","E.用水供應及污染整治業","302,866","178,715","124,151","139,627","88.92",
"113年","F.營建工程業","2,546,253","1,731,177","815,076","658,041","123.86",
"113年","G.批發及零售業","4,931,647","1,473,641","3,458,006","3,127,990","110.55",
"113年","H.運輸及倉儲業","1,690,936","847,975","842,961","1,216,023","69.32",
"113年","I.住宿及餐飲業","1,403,621","717,785","685,836","567,119","120.93",
"113年","J.出版影音及資通訊業","1,366,654","553,007","813,647","758,210","107.31",
"113年","K.金融及保險業","2,448,069","788,750","1,659,319","1,650,755","100.52",
"113年","L.不動產及住宅服務業","2,583,396","621,287","1,962,109","1,822,605","107.65",
"113年","M.專業、科學及技術服務業","1,174,338","527,423","646,915","598,369","108.11",
"113年","N.支援服務業","620,337","193,045","427,292","403,204","105.97",
"113年","O.公共行政及國防；強制性社會安全","1,953,584","627,164","1,326,420","1,212,658","109.38",
"113年","P.教育業","983,734","174,601","809,133","750,908","107.75",
"113年","Q.醫療保健及社會工作服務業","1,277,865","468,412","809,453","789,303","102.55",
"113年","R.藝術、娛樂及休閒服務業","338,782","118,803","219,979","202,356","108.71",
"113年","S.其他服務業","728,409","254,615","473,794","435,390","108.82",
"113年","合計","51,742,920","26,868,790","24,874,130","23,147,039","107.46",
"113年","進口稅","275,172","-","275,172","237,057","116.08",
"113年","加值型營業稅","507,885","-","507,885","472,725","107.44",
"113年","總計(生產面)","52,525,977","26,868,790","25,657,187","23,860,792","107.53",
"113年","GDP","-","-","25,737,088","23,790,526","108.18",
"113年","補充項目:ICT產業","12,887,596","6,521,802","6,365,794","5,518,168","115.36",
"114年","A.農、林、漁、牧業","...","...","409,134","291,619","140.30",
"114年","B.礦業及土石採取業","...","...","13,258","12,242","108.30",
"114年","C.製造業","...","...","10,911,808","9,653,036","113.04",
"114年","CA.食品及飼品製造業","...","...","...","...","...",
"114年","CB.飲料及菸草製造業","...","...","...","...","...",
"114年","CC.紡織業","...","...","...","...","...",
"114年","CD.成衣及服飾品製造業","...","...","...","...","...",
"114年","CE.皮革、毛皮及其製品製造業","...","...","...","...","...",
"114年","CF.木竹製品製造業","...","...","...","...","...",
"114年","CG.紙漿、紙及紙製品製造業","...","...","...","...","...",
"114年","CH.印刷及資料儲存媒體複製業","...","...","...","...","...",
"114年","CI.石油及煤製品製造業","...","...","...","...","...",
"114年","CJ.化學材料及肥料製造業","...","...","...","...","...",
"114年","CK.其他化學製品製造業","...","...","...","...","...",
"114年","CL.藥品及醫用化學製品製造業","...","...","...","...","...",
"114年","CM.橡膠製品製造業","...","...","...","...","...",
"114年","CN.塑膠製品製造業","...","...","...","...","...",
"114年","CO.非金屬礦物製品製造業","...","...","...","...","...",
"114年","CP.基本金屬製造業","...","...","...","...","...",
"114年","CQ.金屬製品製造業","...","...","...","...","...",
"114年","CR.電子零組件製造業","...","...","...","...","...",
"114年","CS.電腦、電子產品及光學製品製造業","...","...","...","...","...",
"114年","CT.電力設備及配備製造業","...","...","...","...","...",
"114年","CU.機械設備製造業","...","...","...","...","...",
"114年","CV.汽車及其零件製造業","...","...","...","...","...",
"114年","CW.其他運輸工具及其零件製造業","...","...","...","...","...",
"114年","CX.家具製造業","...","...","...","...","...",
"114年","CY.其他製造業","...","...","...","...","...",
"114年","D.電力及燃氣供應業","...","...","360,838","219,424","164.45",
"114年","E.用水供應及污染整治業","...","...","119,899","142,908","83.90",
"114年","F.營建工程業","...","...","895,208","685,534","130.59",
"114年","G.批發及零售業","...","...","3,647,043","3,340,540","109.18",
"114年","H.運輸及倉儲業","...","...","832,656","1,240,674","67.11",
"114年","I.住宿及餐飲業","...","...","715,974","569,886","125.63",
"114年","J.出版影音及資通訊業","...","...","860,052","795,127","108.17",
"114年","K.金融及保險業","...","...","1,837,304","1,742,764","105.42",
"114年","L.不動產及住宅服務業","...","...","1,981,389","1,804,680","109.79",
"114年","M.專業、科學及技術服務業","...","...","681,477","612,605","111.24",
"114年","N.支援服務業","...","...","462,738","429,041","107.85",
"114年","O.公共行政及國防；強制性社會安全","...","...","1,387,206","1,228,013","112.96",
"114年","P.教育業","...","...","829,089","752,028","110.25",
"114年","Q.醫療保健及社會工作服務業","...","...","879,075","815,693","107.77",
"114年","R.藝術、娛樂及休閒服務業","...","...","253,516","226,810","111.77",
"114年","S.其他服務業","...","...","493,371","443,121","111.34",
"114年","合計","...","...","27,571,035","25,036,031","110.13",
"114年","進口稅","...","...","255,637","297,273","85.99",
"114年","加值型營業稅","...","...","485,428","446,096","108.82",
"114年","總計(生產面)","...","...","28,312,100","25,786,997","109.79",
"114年","GDP","...","...","28,698,415","25,854,635","111.00",
"114年","補充項目:ICT產業","...","...","...","...","...",

註解：
(1)2025年為初步統計數。
(2)連鎖實質值不具可加性。
(3)工業包含「B.礦業及土石採取業」至「F.營建工程業」等5個業別。
(4)服務業包含「G.批發及零售業」至「S.其他服務業」等13個業別，另併計進口稅及加值型營業稅。

  
